file,unchanged_bytes,same_shape_and_labels,max_numeric_difference
exp01_three_thresholds.csv,True,True,0.0
exp01_threshold_sweep.csv,True,True,0.0
exp02_noise_robustness.csv,True,True,0.0
exp03_adaptive_threshold.csv,True,True,0.0
exp03_summary.csv,True,True,0.0
exp04_by_nonspeech_share.csv,True,True,0.0
exp04_final_results.csv,True,True,0.0
exp04_methods_by_condition.csv,True,True,0.0
exp04_per_speaker.csv,True,True,0.0
exp04_robust_methods_by_condition.csv,True,True,0.0
exp05_frame_length.csv,True,True,0.0
exp05_frame_length_why.csv,True,True,0.0
exp05_hop.csv,True,True,0.0
exp05_smoothing_alternatives.csv,True,True,0.0
exp06_cumulative_groups_miss.csv,True,True,0.0
exp06_feature_comparison.csv,True,True,0.0
exp06_leave_one_group_out_miss.csv,True,True,0.0
exp06_models_miss.csv,True,True,0.0
exp06_single_feature_auc.csv,True,True,0.0
exp07_condition_matrix.csv,True,True,0.0
exp07_feature_ablation.csv,True,True,0.0
exp07_feature_lr_auc_dev.csv,True,True,0.0
exp07_feature_lr_miss_dev.csv,True,True,0.0
exp07_feature_rf_auc_dev.csv,True,True,0.0
exp07_feature_rf_miss_dev.csv,True,True,0.0
exp07_test_balanced_acc.csv,True,True,0.0
exp07_test_false_alarm_rate.csv,True,True,0.0
exp07_test_miss_rate.csv,True,True,0.0
exp07_test_noise_only_far.csv,True,True,0.0
