file,rows,columns,exact_duplicate_rows,single_class_balanced_acc_rows
audit_git_baseline.csv,17,4,0,
audit_inventory.csv,41,5,0,
audit_reproduction.csv,29,4,0,
exp01_three_thresholds.csv,3,11,0,
exp01_threshold_sweep.csv,80,11,0,
exp02_noise_robustness.csv,43,9,0,
exp03_adaptive_threshold.csv,127,9,0,
exp03_summary.csv,7,7,0,
exp04_by_nonspeech_share.csv,6,5,0,
exp04_final_results.csv,12,12,0,
exp04_methods_by_condition.csv,6,13,0,
exp04_per_speaker.csv,30,11,0,
exp04_robust_methods_by_condition.csv,7,12,0,
exp05_frame_length.csv,6,8,0,
exp05_frame_length_why.csv,18,5,0,
exp05_hop.csv,3,7,0,
exp05_hop_cost.csv,6,2,0,
exp05_smoothing_alternatives.csv,6,5,0,
exp06_cumulative_groups_auc.csv,6,6,0,
exp06_cumulative_groups_miss.csv,6,6,0,
exp06_feature_comparison.csv,3,9,0,
exp06_feature_values.csv,16,63,0,
exp06_leave_one_group_out_auc.csv,6,6,0,
exp06_leave_one_group_out_miss.csv,6,6,0,
exp06_models_auc.csv,5,6,0,
exp06_models_miss.csv,5,6,0,
exp06_rf_clean_vs_mixed_auc.csv,2,6,0,
exp06_rf_clean_vs_mixed_oracle_miss.csv,2,6,0,
exp06_single_feature_auc.csv,20,6,0,
exp06_single_feature_auc_babble_10_dB.csv,20,2,0,
exp06_single_feature_auc_clean.csv,20,2,0,
exp06_single_feature_auc_fluctuating_10_dB.csv,20,2,0,
exp06_single_feature_auc_white_10_dB.csv,20,2,0,
exp07_condition_matrix.csv,91,11,0,7.0
exp07_feature_ablation.csv,14,4,0,
exp07_feature_lr_auc_dev.csv,7,2,0,
exp07_feature_lr_miss_dev.csv,7,2,0,
exp07_feature_rf_auc_dev.csv,7,2,0,
exp07_feature_rf_miss_dev.csv,7,2,0,
exp07_test_balanced_acc.csv,7,13,0,
exp07_test_false_alarm_rate.csv,7,13,0,
exp07_test_miss_rate.csv,7,13,0,
exp07_test_noise_only_far.csv,7,2,0,
