file,same_shape_labels_and_missing,max_numeric_difference,numeric_match
exp01_three_thresholds.csv,True,0,True
exp01_threshold_sweep.csv,True,0,True
exp02_noise_robustness.csv,True,0,True
exp03_adaptive_threshold.csv,True,0,True
exp03_summary.csv,True,0,True
exp04_by_nonspeech_share.csv,True,0,True
exp04_final_results.csv,True,0,True
exp04_methods_by_condition.csv,True,0,True
exp04_per_speaker.csv,True,0,True
exp05_frame_length.csv,True,0,True
exp05_frame_length_why.csv,True,0,True
exp05_hop.csv,True,0,True
exp06_cumulative_groups_miss.csv,True,0,True
exp06_feature_comparison.csv,True,0,True
exp06_leave_one_group_out_miss.csv,True,0,True
exp06_models_miss.csv,True,0,True
exp06_single_feature_auc.csv,True,0,True
