feature,fluctuating 10 dB
rel_energy,0.8845376653625928
zcr,0.6268628230053487
centroid,0.7545002919928863
rolloff,0.8275349920187287
flatness,0.7793964474959486
flux,0.7242962422443626
band_ratio,0.6587175635391271
harmonicity,0.8365119956524841
mfcc1,0.7594331825756213
mfcc2,0.6568225366519035
mfcc3,0.6746616847853947
mfcc4,0.5297256298715503
mfcc5,0.534096626792611
mfcc6,0.6622227679840863
mfcc7,0.6410931520474988
mfcc8,0.6222776847388293
mfcc9,0.6049039922495054
mfcc10,0.589255634100139
mfcc11,0.6199336720746258
mfcc12,0.5341600258596758
