feature,white 10 dB
rel_energy,0.9669478207488444
zcr,0.8766458540019693
centroid,0.8615282356691154
rolloff,0.8665714049107588
flatness,0.9316118529863937
flux,0.8824282325537309
band_ratio,0.5849052079770511
harmonicity,0.9220958746025322
mfcc1,0.8426901470970801
mfcc2,0.7938833162163569
mfcc3,0.7541938135607065
mfcc4,0.6483837801837601
mfcc5,0.5610847861486962
mfcc6,0.571313135896446
mfcc7,0.5816159969108086
mfcc8,0.5576230383412555
mfcc9,0.550955850900475
mfcc10,0.5480244791172998
mfcc11,0.555262291233685
mfcc12,0.5024996826739445
