condition,frame_ms,separation,interior_error_rate,boundary_error_rate
clean,8,3.542068504070191,0.036065313887127456,0.18868308569102382
clean,16,3.691274840952304,0.031190551680405833,0.1754528801139833
clean,32,3.939260167268029,0.02306594800253646,0.1618155912884185
clean,64,4.061254324925605,0.013157894736842105,0.14858538571137797
clean,128,3.697080836131945,0.008719086873811033,0.16059434154284552
clean,256,2.714310939791346,0.021639188332276474,0.2365153673926318
fluctuating 10 dB,8,1.725120349022485,0.18849080532656945,0.43354365967840425
fluctuating 10 dB,16,1.7987306266515743,0.17937539632213062,0.4258090779564421
fluctuating 10 dB,32,1.9341700392863195,0.1616994292961319,0.39303887645023405
fluctuating 10 dB,64,2.1514948054424696,0.13142041851616995,0.36963158966008547
fluctuating 10 dB,128,2.3811903452699466,0.07890773620798985,0.33014451455322613
fluctuating 10 dB,256,2.2519410401581714,0.0560003170577045,0.32118868308569104
white 10 dB,8,1.9521795615082875,0.09119372225745086,0.3411357622633829
white 10 dB,16,2.022740631341244,0.06832593532022828,0.29879910441685326
white 10 dB,32,2.1555415427824953,0.04276315789473684,0.23101974353755342
white 10 dB,64,2.388471588680601,0.021718452758402028,0.19926725015265623
white 10 dB,128,2.6514196059964017,0.008679454660748256,0.16975371463464278
white 10 dB,256,2.4600346958956,0.023026315789473683,0.2411968247506615
