speaker,clean,fluctuating 0 dB,fluctuating 10 dB,fluctuating 20 dB,pink 0 dB,pink 10 dB,pink 20 dB,white 0 dB,white 10 dB,white 20 dB
1188,0.9591973815240896,0.6939648724082332,0.8245108868938692,0.9290829440929402,0.7147148735415763,0.8591503855633245,0.9375573282720748,0.8515237420269313,0.9453985514363991,0.9460317124512095
121,0.49304670912951165,0.5633934890304317,0.7670677046473224,0.8636117008728473,0.6705649917433356,0.8120370370370371,0.8997876857749469,0.8362644491625384,0.9299716914366596,0.9557265864590705
1221,0.8587908035657026,0.610984629855277,0.7836034866072383,0.8843324461831163,0.6913892986169008,0.8500916543748263,0.9022250903183052,0.8598409542743539,0.9422617520682357,0.9200896769918125
1320,0.7695722356739306,0.6467678157715958,0.7804681194511703,0.8426150121065376,0.6852387339523055,0.8399295091771619,0.8757062146892656,0.8373688458434221,0.9173416714570233,0.9148855249940483
1580,0.6520414064307194,0.6245084432107333,0.7483402729585935,0.8462121212121212,0.6915278741614619,0.8261681702521397,0.887676382142031,0.8159090909090909,0.9370633819107101,0.9363058061531344
1995,0.5470085470085471,0.5661544121809022,0.7804522556178185,0.8388888888888889,0.661668647761363,0.8441274692930322,0.8941246391577518,0.8743589743589744,0.9388888888888889,0.9378219278881531
2094,0.9553033099544728,0.6905069521348591,0.8452073335794266,0.9043620031992126,0.76307370493417,0.8506829088224437,0.9342315737664575,0.8518518518518519,0.9435831180017227,0.9569029162052418
260,0.7013888888888888,0.7033031759494863,0.8451135613985487,0.8929118367731599,0.7394979266798605,0.856039722929036,0.9098046838186787,0.8279320987654322,0.9344135802469136,0.9413992554895863
2961,0.9197505482456141,0.6450794956140351,0.7713815789473684,0.9017955043859649,0.6920230263157895,0.8283991228070176,0.9290707236842105,0.7941337719298245,0.9236567982456141,0.928796600877193
3570,0.7598296957671957,0.674619708994709,0.8036458333333334,0.8489831349206349,0.7037698412698412,0.8320188492063492,0.8677662037037037,0.8174603174603174,0.9008349867724867,0.9088128306878307
3575,0.8152762286778474,0.6770800290605462,0.8343651191584721,0.8659121839409785,0.6680753527684263,0.7974203648940416,0.8714224318765541,0.8424130485945542,0.9250309535747542,0.909881608971932
3729,0.7582692852549255,0.6526630359014027,0.781090488804141,0.8555713958058815,0.7029196029843632,0.8626972598365705,0.8886507854415607,0.8125643666323378,0.9386195296794823,0.931059682765258
4077,0.8629794330183436,0.6416974947767917,0.7785160018656597,0.8572323065815619,0.6838345696523611,0.8292362295783737,0.8589470203753042,0.8162868260144525,0.906972583747037,0.894460843508207
4446,0.929729502688172,0.6105510752688172,0.7926327284946236,0.8897429435483871,0.6410870295698925,0.7965809811827957,0.8539986559139785,0.8084677419354839,0.9490927419354839,0.9630376344086021
4992,0.8009748172217709,0.6827500225652134,0.8089403375755935,0.8985787676384752,0.6902698799530643,0.8368046153383277,0.9205121551283209,0.8285946385052803,0.9471974004874086,0.9681567229292656
5105,0.9147812971342383,0.5968451483157365,0.762506284565108,0.8814731020613373,0.6317873303167421,0.7799773755656109,0.897938662644545,0.7748868778280543,0.9250251382604324,0.9318124685771745
5142,0.6691358024691358,0.6849046015712683,0.7562850729517396,0.8197530864197531,0.6503086419753086,0.7881313131313131,0.8555555555555556,0.7901234567901234,0.9160493827160494,0.9209876543209876
5639,0.7748798901853122,0.6721235415236788,0.8195250514756349,0.8992651567147106,0.6965829329672844,0.8405591397849462,0.9290139556165637,0.817433081674674,0.9349942804850149,0.9531256005490735
5683,0.9005847953216375,0.6294524189261032,0.7575757575757576,0.8301435406698565,0.6868686868686869,0.8301435406698565,0.8790536948431685,0.817384370015949,0.9409888357256778,0.9651780967570441
61,0.9122807017543859,0.6772853185595568,0.8379501385041551,0.9005078485687904,0.6844413665743305,0.8395660203139428,0.9115881809787627,0.8497229916897506,0.9344413665743305,0.930286241920591
672,0.7580795588175662,0.6424050119622076,0.7906532581809335,0.8366915372450427,0.6857994404119865,0.8244353432545315,0.8245975426787235,0.8188374356271035,0.9210291553464985,0.8747536596245084
6930,0.7546829640947288,0.6609931245225362,0.7817417876241406,0.7764705882352941,0.704996180290298,0.8069213139801374,0.8146829640947288,0.808235294117647,0.865790679908327,0.7951107715813598
7127,0.9439994216310006,0.6409123770965877,0.8012073452862927,0.9022917871602082,0.7464068825910931,0.8814198958935802,0.9319548872180451,0.8087912087912088,0.9362781954887218,0.9692669172932331
7729,0.5889253603539317,0.6513629227914942,0.7810617953475096,0.8306871699728843,0.6765413158270301,0.8423612102183531,0.8885650064221493,0.8224489795918367,0.9357142857142857,0.9257349793064079
8224,0.9309622204636713,0.6807204197074943,0.8095709135672207,0.9057416688648554,0.6799144171869047,0.8452694979337027,0.9271373721386911,0.8370702541106129,0.9418945455611243,0.9551203141944371
8230,0.767203513909224,0.6508326743448611,0.7853133000837764,0.8426061493411421,0.6476910609844897,0.7828274128765043,0.8799414348462664,0.787701317715959,0.9289897510980967,0.9350204743151087
8455,0.9287506745817593,0.6486890627810757,0.7987745098039216,0.8983607663248786,0.7404479222881813,0.8858180428134557,0.9409201295196978,0.8130733944954128,0.9409763446663069,0.9404749055585537
8463,0.6191860465116279,0.6191860465116279,0.7616279069767442,0.8343023255813954,0.6786046511627907,0.8138372093023256,0.8662790697674418,0.7895348837209302,0.8796511627906977,0.89
8555,0.8348124602670057,0.5978766687857597,0.7805212968849333,0.8966369993642721,0.5910807374443738,0.8169421487603306,0.9166369993642721,0.83,0.9338461538461539,0.9563509218054672
908,0.9343155718031092,0.6294523835899708,0.7706030057974226,0.8948487869724161,0.6714744654924116,0.7853439680957128,0.9005391233706288,0.798951294265352,0.9209851925704369,0.9509766995310365
