feature,clean,white 10 dB,fluctuating 10 dB,babble 10 dB,mean
rel_energy,0.9810415127301821,0.9669478207488444,0.8845376653625928,0.8935967372200941,0.9315309340154283
zcr,0.4473868604457883,0.8766458540019693,0.6268628230053487,0.5466563556919828,0.6243879732862723
centroid,0.5908009574218216,0.8615282356691154,0.7545002919928863,0.533086309578339,0.6849789486655405
rolloff,0.6385902448513641,0.8665714049107588,0.8275349920187287,0.533854324620024,0.716637741600219
flatness,0.7207770483339009,0.9316118529863937,0.7793964474959486,0.5634099808321172,0.7487988324120901
flux,0.6730941039925935,0.8824282325537309,0.7242962422443626,0.5465072008706673,0.7065814449153386
band_ratio,0.6840874426919726,0.5849052079770511,0.6587175635391271,0.5205706656849127,0.6120702199732659
harmonicity,0.7045856145036429,0.9220958746025322,0.8365119956524841,0.5708267125900361,0.7585050493371739
mfcc1,0.7043139609111183,0.8426901470970801,0.7594331825756213,0.534557716929813,0.7102487518784082
mfcc2,0.5743524878329682,0.7938833162163569,0.6568225366519035,0.5172978914138349,0.6355890580287659
mfcc3,0.6401477882853472,0.7541938135607065,0.6746616847853947,0.5162738493102399,0.646319283985422
mfcc4,0.5484648992404613,0.6483837801837601,0.5297256298715503,0.4943406162997844,0.5552287313988891
mfcc5,0.6153702621268657,0.5610847861486962,0.534096626792611,0.4877273031835989,0.549569744562943
mfcc6,0.6599353084782974,0.571313135896446,0.6622227679840863,0.49670966448499354,0.5975452192109558
mfcc7,0.6650861767610967,0.5816159969108086,0.6410931520474988,0.49222374228586807,0.595004767001318
mfcc8,0.6931751383849172,0.5576230383412555,0.6222776847388293,0.5095055276247628,0.5956453472724412
mfcc9,0.6494690386009371,0.550955850900475,0.6049039922495054,0.5089168456248923,0.5785614318439525
mfcc10,0.5732832693466867,0.5480244791172998,0.589255634100139,0.521302979478347,0.5579665905106181
mfcc11,0.6684387207503593,0.555262291233685,0.6199336720746258,0.5187635773054227,0.5905995653410232
mfcc12,0.5561909205524695,0.5024996826739445,0.5341600258596758,0.5019112983222762,0.5236904818520915
