features,model,AUC,miss at 5% false alarm
absolute energy,lr,0.8331116334933639,0.6109079909516545
absolute energy,rf,0.7998330161117386,0.6270582355726235
relative energy,lr,0.8991602046768151,0.4529696459571782
relative energy,rf,0.8933161260984479,0.4540612341522437
relative energy + zcr,lr,0.9041831476946331,0.4549950023672997
relative energy + zcr,rf,0.8921458165266025,0.46900152559314007
relative energy + zcr + spectral,lr,0.8860802488468515,0.47584039139355044
relative energy + zcr + spectral,rf,0.9130538405874356,0.39785101793887107
relative energy + zcr + spectral + mfcc,lr,0.8993068813612143,0.4295202272607712
relative energy + zcr + spectral + mfcc,rf,0.9267772625918897,0.2979115155978747
all (absolute + relative + rest),lr,0.9137454123349021,0.31198379714871904
all (absolute + relative + rest),rf,0.9393340717122676,0.2125966647377558
no energy (zcr + spectral + mfcc),lr,0.8135302001764904,0.5751617654795097
no energy (zcr + spectral + mfcc),rf,0.8905858369611828,0.32341259403440475
