feature,clean
rel_energy,0.9810415127301821
zcr,0.4473868604457883
centroid,0.5908009574218216
rolloff,0.6385902448513641
flatness,0.7207770483339009
flux,0.6730941039925935
band_ratio,0.6840874426919726
harmonicity,0.7045856145036429
mfcc1,0.7043139609111183
mfcc2,0.5743524878329682
mfcc3,0.6401477882853472
mfcc4,0.5484648992404613
mfcc5,0.6153702621268657
mfcc6,0.6599353084782974
mfcc7,0.6650861767610967
mfcc8,0.6931751383849172
mfcc9,0.6494690386009371
mfcc10,0.5732832693466867
mfcc11,0.6684387207503593
mfcc12,0.5561909205524695
