feature,babble 10 dB
rel_energy,0.8935967372200941
zcr,0.5466563556919828
centroid,0.533086309578339
rolloff,0.533854324620024
flatness,0.5634099808321172
flux,0.5465072008706673
band_ratio,0.5205706656849127
harmonicity,0.5708267125900361
mfcc1,0.534557716929813
mfcc2,0.5172978914138349
mfcc3,0.5162738493102399
mfcc4,0.4943406162997844
mfcc5,0.4877273031835989
mfcc6,0.49670966448499354
mfcc7,0.49222374228586807
mfcc8,0.5095055276247628
mfcc9,0.5089168456248923
mfcc10,0.521302979478347
mfcc11,0.5187635773054227
mfcc12,0.5019112983222762
