,,,miss_rate,miss_rate,false_alarm_rate,false_alarm_rate,balanced_accuracy,balanced_accuracy
,,,mean,std,mean,std,mean,std
noise,method,snr_db,,,,,,
pink,adaptive (floor + 6 dB),-5,0.9298780487804879,0.03934301090367135,0.047368421052631574,0.06366371777150522,0.5113767650834403,0.04097478190516542
pink,adaptive (floor + 6 dB),0,0.7945121951219513,0.04248072405769191,0.03684210526315789,0.04859897457245467,0.5843228498074454,0.03619642242579775
pink,adaptive (floor + 6 dB),5,0.47012195121951217,0.025172002933338603,0.018421052631578946,0.025755814996294365,0.7557284980744544,0.01942817024113321
pink,adaptive (floor + 6 dB),10,0.31158536585365854,0.033215583585951364,0.018421052631578946,0.02575581499629436,0.8349967907573813,0.02107588343020071
pink,adaptive (floor + 6 dB),15,0.17378048780487804,0.0233658429387258,0.015789473684210527,0.03006529318828838,0.9052150192554557,0.015355470946752261
pink,adaptive (floor + 6 dB),20,0.12012195121951219,0.012682803396259242,0.021052631578947368,0.03581879196730108,0.9294127086007702,0.019087639721066363
pink,adaptive (floor + 6 dB),30,0.07317073170731707,0.0,0.25,0.056311776593507265,0.8384146341463415,0.028155888296753598
pink,fixed (tuned on clean),-5,0.0,0.0,1.0,0.0,0.5,0.0
pink,fixed (tuned on clean),0,0.0,0.0,1.0,0.0,0.5,0.0
pink,fixed (tuned on clean),5,0.0,0.0,1.0,0.0,0.5,0.0
pink,fixed (tuned on clean),10,0.0,0.0,1.0,0.0,0.5,0.0
pink,fixed (tuned on clean),15,0.03902439024390244,0.017957999501015197,0.6684210526315789,0.1094726187887639,0.6462772785622592,0.0562540479066787
pink,fixed (tuned on clean),20,0.07926829268292683,0.01282091422043529,0.19210526315789472,0.1014187159310316,0.8643132220795892,0.051524361443875816
pink,fixed (tuned on clean),30,0.10731707317073172,0.010164740895932813,0.010526315789473684,0.021599544254424296,0.9410783055198972,0.013775328276304427
pink,oracle (tuned per condition),-5,0.31402439024390244,0.21014364741062908,0.4236842105263158,0.29599799434270824,0.6311456996148909,0.08236650575375795
pink,oracle (tuned per condition),0,0.35792682926829267,0.13650482450194878,0.21578947368421053,0.1554754640303079,0.7131418485237484,0.0841136290844618
pink,oracle (tuned per condition),5,0.3121951219512195,0.1188567602590688,0.0763157894736842,0.06268288594277689,0.8057445442875482,0.051634971617875926
pink,oracle (tuned per condition),10,0.20853658536585368,0.08420260067903707,0.03684210526315789,0.0421744583782122,0.8773106546854942,0.03763733712059385
pink,oracle (tuned per condition),15,0.13902439024390245,0.036777416337807414,0.005263157894736842,0.01619965819081822,0.9278562259306804,0.0164925426972699
pink,oracle (tuned per condition),20,0.11097560975609758,0.01673982295495755,0.002631578947368421,0.011768778828946261,0.943196405648267,0.009279096466496124
pink,oracle (tuned per condition),30,0.10853658536585367,0.011120847635719404,0.0,0.0,0.9457317073170731,0.005560423817859725
white,adaptive (floor + 6 dB),-5,1.0,0.0,0.0,0.0,0.5,0.0
white,adaptive (floor + 6 dB),0,0.9378048780487804,0.00375357933689688,0.0,0.0,0.5310975609756098,0.0018767896684484602
white,adaptive (floor + 6 dB),5,0.5890243902439024,0.009772130599829676,0.0,0.0,0.7054878048780487,0.004886065299914829
white,adaptive (floor + 6 dB),10,0.38597560975609757,0.007160279861126838,0.0,0.0,0.8070121951219512,0.0035801399305634258
white,adaptive (floor + 6 dB),15,0.19939024390243903,0.010671877803846588,0.0,0.0,0.9003048780487806,0.005335938901923297
white,adaptive (floor + 6 dB),20,0.12317073170731707,0.003753579336896908,0.0,0.0,0.9384146341463413,0.0018767896684484602
white,adaptive (floor + 6 dB),30,0.07317073170731707,0.0,0.24473684210526314,0.025755814996294354,0.8410462130937099,0.012877907498147174
white,fixed (tuned on clean),-5,0.0,0.0,1.0,0.0,0.5,0.0
white,fixed (tuned on clean),0,0.0,0.0,1.0,0.0,0.5,0.0
white,fixed (tuned on clean),5,0.0,0.0,1.0,0.0,0.5,0.0
white,fixed (tuned on clean),10,0.0,0.0,1.0,0.0,0.5,0.0
white,fixed (tuned on clean),15,0.00548780487804878,0.00622460714065903,0.881578947368421,0.0701465776293662,0.556466623876765,0.035509653054813926
white,fixed (tuned on clean),20,0.075,0.004467653030884434,0.16052631578947368,0.020738655938221363,0.8822368421052632,0.011263661991700931
white,fixed (tuned on clean),30,0.10609756097560977,0.005733687146117406,0.0,0.0,0.9469512195121951,0.002866843573058711
white,oracle (tuned per condition),-5,0.3152439024390244,0.09846142547189855,0.10526315789473684,0.07443229275647868,0.7897464698331194,0.03799999395055225
white,oracle (tuned per condition),0,0.25853658536585367,0.07204960528233781,0.031578947368421054,0.0670108237748856,0.8549422336328627,0.019666027962897008
white,oracle (tuned per condition),5,0.1469512195121951,0.022547527477194858,0.005263157894736842,0.01619965819081822,0.923892811296534,0.012539314331180081
white,oracle (tuned per condition),10,0.1274390243902439,0.016059686256354965,0.0,0.0,0.936280487804878,0.008029843128177455
white,oracle (tuned per condition),15,0.11524390243902438,0.010068023749779225,0.0,0.0,0.9423780487804878,0.005034011874889629
white,oracle (tuned per condition),20,0.10609756097560977,0.008935306061768858,0.0,0.0,0.9469512195121951,0.004467653030884411
white,oracle (tuned per condition),30,0.10609756097560977,0.005733687146117406,0.0,0.0,0.9469512195121951,0.002866843573058711
