split,condition,label,rel_energy_median,rel_energy_p10,rel_energy_p90,zcr_median,zcr_p10,zcr_p90,centroid_median,centroid_p10,centroid_p90,rolloff_median,rolloff_p10,rolloff_p90,flatness_median,flatness_p10,flatness_p90,flux_median,flux_p10,flux_p90,band_ratio_median,band_ratio_p10,band_ratio_p90,harmonicity_median,harmonicity_p10,harmonicity_p90,mfcc1_median,mfcc1_p10,mfcc1_p90,mfcc2_median,mfcc2_p10,mfcc2_p90,mfcc3_median,mfcc3_p10,mfcc3_p90,mfcc4_median,mfcc4_p10,mfcc4_p90,mfcc5_median,mfcc5_p10,mfcc5_p90,mfcc6_median,mfcc6_p10,mfcc6_p90,mfcc7_median,mfcc7_p10,mfcc7_p90,mfcc8_median,mfcc8_p10,mfcc8_p90,mfcc9_median,mfcc9_p10,mfcc9_p90,mfcc10_median,mfcc10_p10,mfcc10_p90,mfcc11_median,mfcc11_p10,mfcc11_p90,mfcc12_median,mfcc12_p10,mfcc12_p90
test,babble 10 dB,0,1.5128182115224007,-4.607763009175188,6.070382989235061,0.1232876712328767,0.05675146771037182,0.30919765166340507,1725.5444722607326,1012.3039941218034,3106.279397793505,3687.5,1750.0,5968.75,0.020849795876392904,0.003441876119536046,0.12289890064004048,0.09936974830771418,0.06557675102772348,0.1487425417763294,0.5502208148967671,0.15019882019939873,0.8630486677680411,0.4524828976119709,0.24570621051555136,0.7013526750396187,9.774215602066057,2.8530220701052036,15.851543558797246,0.30442276522721734,-3.9936050014154323,5.224178641927363,3.448707157445684,-0.5274111381521801,7.45481940687297,-0.28433569670537795,-3.6739237030051526,2.6087906431220587,0.7265366041082986,-1.5778071009775052,3.150959184252997,-1.1706180487136582,-3.5842686257446714,1.033236088773235,-0.4420305556546333,-2.2793567495679907,1.4865447909035618,-0.015726506657220904,-1.7770432877370457,1.5903128297636961,-0.027645309916520158,-1.5797945169250736,1.6040032083659403,-0.09885160291953898,-1.4203775002144912,1.2411990333013943,-0.2070073743779002,-1.4653726264223206,1.0527391039822385,0.23482364164825398,-0.9495103790367211,1.3730433061064646
test,babble 10 dB,1,10.186187405462844,2.5089405783152485,16.933488534229692,0.1095890410958904,0.046966731898238745,0.3405088062622309,1605.689957477031,930.6025618242043,3307.209673708085,3406.25,1625.0,5937.5,0.014092845099043703,0.002047598227088822,0.1333496400747719,0.10466884461600962,0.06739719258511429,0.1657644471175313,0.5191237309037936,0.12759855076915444,0.8829377065951469,0.5244294565209415,0.22719675817494034,0.769137765233449,10.71903476621948,2.4113311860202113,16.442622058717795,0.6163635581589471,-3.8976438286670705,5.484592506134578,3.6497272053130763,-0.6662651248683946,8.025971600128106,-0.20938918353428249,-3.5905128478165595,2.685071889237274,0.679775769766884,-1.9403774225804387,3.2115537786523793,-1.2277182353382585,-3.514479526096459,1.0635218568230767,-0.3710441710436453,-2.4012104928306726,1.6091476631624133,-0.06259374550757994,-1.8276377123636798,1.6228780074832065,-0.051433712233263415,-1.695640543274516,1.5309000910317772,-0.006230525812547322,-1.4131727301041157,1.3679367712470696,-0.2688050697062631,-1.5497031868638804,0.9935808860590674,0.21141085583437152,-1.0155641051013438,1.4839409740862572
test,clean,0,-0.28084859752702585,-10.697148923979373,7.887339537569777,0.08414872798434442,0.009784735812133072,0.26810176125244617,1777.6615683793993,807.8761108913158,2921.23291893097,3875.0,1656.25,5531.25,0.03393833785712815,0.001973380033893088,0.1991415904674471,0.08337584411946233,0.048461081808787464,0.1876474260755372,0.15744032666051827,0.008811145680679476,0.6300419665151032,0.3378068502232473,0.15412894077953943,0.6571223036026302,7.445424802313828,1.4908651615467343,11.780356496109423,0.1035281229892067,-3.772427632205941,2.77793056997025,2.3908100458024943,0.07719438402885631,4.864954930961262,0.9784951023905561,-0.8961416814169241,2.4751885568913456,1.3521324686032758,-0.26910310133416876,2.777443780909971,0.36973086157577567,-1.3734571582482495,1.6625298462981888,0.663779238610773,-0.641412897058386,1.8784371610914883,0.7479897729316586,-0.3495198525802861,2.0033255047154364,0.516748306617686,-0.5746083339774662,1.566355082405689,0.2620631776576972,-0.8494984433495542,1.3245291825864667,0.38350793829937035,-0.5760367911369969,1.3841632579098118,0.39067942522269905,-0.5892684431430322,1.373419932462236
test,clean,1,28.35373039810915,13.795406601982972,40.632659883477,0.08414872798434442,0.0273972602739726,0.436399217221135,1317.6502008765613,593.2219669628325,3968.091733787384,2625.0,781.25,6125.0,0.004024845874129388,0.00027915553974988124,0.10912102920850746,0.12114752930138323,0.06598840464701816,0.2203557463301114,0.41881765463325754,0.029115943838121435,0.901305518316513,0.601209911451295,0.19533153539514203,0.8108818143552455,12.563441283560563,-2.599994160035395,20.001090080210048,0.9189570144176972,-4.840303640322114,6.1013305665828055,4.03963087171782,-0.9130852565989536,9.144062940781627,0.5442838385999064,-3.914701073937914,3.9784194771377166,0.5612325570425778,-2.6109026673345426,3.4697099400970064,-0.6505556230872755,-3.5455902339841754,1.8560394055717286,-0.2476994011768375,-2.9010277711701815,2.1333911470892093,-0.061970357813146276,-2.0940534820799663,1.7534960849863217,-0.09434883285006719,-2.031589117060084,1.6329440559886925,-0.005920048335676331,-1.556635238986482,1.519717539891016,-0.187079046428891,-1.7204236093446101,1.2164037064586493,0.20990997308367138,-1.242992730003543,1.6589470621024334
test,fluctuating 10 dB,0,1.5110957891135754,-3.1257232985225314,6.98906416003924,0.1761252446183953,0.06653620352250489,0.24853228962818003,2545.7107021109537,2203.032248822578,2829.649959352241,5656.25,5250.0,5968.75,0.13850885503890056,0.044543795721575484,0.2771605538632906,0.06728012130822655,0.047668301471697726,0.11127868535499515,0.20890935845661204,0.06559827443333832,0.42687009055836744,0.18395816769780624,0.10881959700503469,0.3338542991968028,5.0814083384886555,4.280325076227545,5.822972884996,0.830404137342678,0.06664648086187748,1.611211219429035,1.3117931605209343,0.5612340627195207,2.145954803546275,0.6798417060394935,-0.08671146454229066,1.414665262058719,0.7254691012510148,-0.011717195713608478,1.452816621534017,0.43532335871444466,-0.3236018770505363,1.1635148018419845,0.4530554925411564,-0.263299082829933,1.1790942521741905,0.3398111489490028,-0.3212383367115968,1.042303959009981,0.3385370031199191,-0.3464896888813556,0.965915715016144,0.23684398914829008,-0.41846911090858413,0.9175528912593207,0.27180427939489993,-0.3699437816077096,0.9159339938403932,0.23055399475116,-0.36229113314969813,0.8263182753952484
test,fluctuating 10 dB,1,10.570545712928745,2.526443363284806,17.14226570578328,0.11741682974559686,0.04892367906066536,0.31702544031311153,1937.312278960586,1239.2951851191356,3183.3509611035647,4375.0,2468.75,5906.25,0.03947240611496032,0.008072433241645744,0.19927776629354432,0.09429703965525166,0.05832665748907688,0.15659877082910606,0.33919547492697494,0.06872426210704873,0.8312037716336761,0.5135266450859787,0.16063905298978218,0.7825511433484715,7.931851608994929,2.121758562324709,12.756585659470652,1.7479159230103427,-1.8834925656352777,4.289839673520209,2.3051654040516416,-0.6112733940550652,5.353144240247913,0.8307305190288825,-2.0759976659141497,2.682622758003218,0.6341979072620597,-1.5452224584834184,2.207963949060895,-0.11178842262177092,-2.353610510277079,1.3265689560130884,0.034863450658505976,-1.6851310736019136,1.3472623559337196,0.020299750727451438,-1.4093717766684242,1.2433333969882445,0.060303464998591016,-1.242332092349529,1.1879998562944771,0.027567517402100186,-1.0427073948815897,1.0721985448209643,0.0043927243043696065,-1.049238150313825,0.9614517327952272,0.15238897623984402,-0.7844420902488224,1.1336784109476439
test,white 10 dB,0,0.04934476618051775,-0.34891197661556955,0.4829904523480281,0.49510763209393344,0.461839530332681,0.5264187866927593,3971.1198301762465,3822.6434793713765,4108.727747288375,6781.25,6625.0,6968.75,0.5572965272470464,0.5109674743936266,0.5989248410318392,0.04607872337617897,0.042785891076067874,0.04968369674554827,0.3345806027741979,0.2811625834298841,0.3924561457363213,0.1024288405989497,0.08545974277035273,0.12968020806790959,-0.16827219475662158,-0.9237898395857891,0.593112763776916,0.05488282479145179,-0.6728003376201447,0.8158546981970554,0.07625138071740484,-0.655209621821552,0.8792082007331538,0.08789021811743575,-0.6401417250556944,0.8163431062887694,0.06897605490398975,-0.6758940089214829,0.8019112138329455,0.04475874323439283,-0.6778672034862132,0.7578857368405054,0.02574753395032993,-0.6799919216806065,0.7567526490532992,0.04430601099733835,-0.6418664544733145,0.7232557903952611,0.030268249613482224,-0.631976836632511,0.68624388793996,0.019729013435974108,-0.6407009415031475,0.7080515791322635,0.028922820074934685,-0.6030413657716605,0.6838488947545732,0.03320088770280791,-0.5414476221307049,0.6181539877960462
test,white 10 dB,1,7.678123738527258,0.9200649717367552,14.254877002281855,0.25440313111545987,0.10371819960861056,0.50293542074364,3045.832373586656,2200.026308912897,4038.050096088366,6218.75,5031.25,6812.5,0.1706734746915558,0.043586658347032015,0.5323409951848694,0.06740223745001472,0.04584347762349915,0.1184641473103473,0.37904637963411036,0.13732141166727632,0.8353057570157022,0.4553253166388436,0.1121412001034114,0.7530968503968887,4.117952698170637,-0.8597913637727683,8.36444827958173,1.8861062808792843,-0.7557014291530092,4.487388106580097,1.559250833839754,-0.9744669671288377,4.051215070063317,0.7121793033606885,-1.5007447562338505,2.5596826971626174,0.2993447030345459,-1.6448951718151583,1.7557981584169602,-0.16097548358606045,-2.086399327784211,1.1804504649925764,-0.17772187223027303,-1.6752882980037647,1.0081557724612378,-0.09647409342899958,-1.3852325323217354,1.0479134033626822,-0.0895751561579965,-1.245049777363049,0.9550168798134411,-0.08782659030471754,-1.0925489571569493,0.9015828721571575,-0.09011035042923041,-1.0223140205668915,0.7947982223723526,0.03242574027043614,-0.8323206409368873,0.9097980822603241
train,babble 10 dB,0,2.0846210295029124,-3.8350967840989107,6.702411522259523,0.09197651663405088,0.050880626223091974,0.2373776908023487,1430.2623240859907,907.194495868669,2808.7582895883556,3031.25,1593.75,5812.5,0.015565773095781782,0.0031941465000451023,0.10841244435427788,0.10307129421698943,0.06695368090861398,0.1537854978725587,0.5381635003630169,0.14267436250897203,0.8430333163939414,0.4474403844983515,0.24178035424612662,0.6700065529030544,11.333039944060177,4.5821077598064,16.068818996952547,1.2439198373667637,-2.6046978027994436,5.446388015985117,3.0214529565475496,-0.6302038690797277,6.537787426383072,0.0006865163037756139,-2.84416420545242,2.656100720174616,0.2741398016998442,-1.9829204723101588,2.4573300232079305,-0.7053142988702314,-2.693751141652632,1.3178742716402165,-0.17609328512098682,-1.9235093866960855,1.5614758338202754,-0.1153916998872246,-1.8499784272101487,1.4078844141756774,0.24989105605702427,-1.1810589103606624,1.6671751208074224,-0.26443907295951036,-1.5118805870276075,1.0499145249923327,-0.08450592410886604,-1.2621733014654428,1.0903051929905567,0.21967818434948524,-0.915197446679235,1.3166820647316027
train,babble 10 dB,1,10.243347610845284,2.910454169160616,17.285203967322268,0.0821917808219178,0.043052837573385516,0.27984344422700586,1339.3794068778477,827.5874119374295,3105.1787452634235,2812.5,1343.75,5937.5,0.009785864032412243,0.0014152341869732934,0.11815681149341666,0.10956185373550828,0.0693268556910879,0.17273756965622544,0.5127900286885796,0.12475232466855932,0.8793498323896094,0.5152410581349192,0.2316413820998824,0.7609597474367868,12.236366939291232,3.8286184942253954,17.395868453264292,1.435946351039436,-2.8843405853819313,6.137075918082367,3.2250946731334658,-0.5682175589962585,7.4439882642931545,-0.14185695472351484,-3.3840416803633055,2.687969668928223,0.28352247419877163,-2.1843099258426832,2.598516289629166,-0.6815324487205202,-2.7945935907602673,1.5213605643624148,-0.3058684797115049,-2.2882672296075492,1.4958610136260635,-0.1622630420584249,-1.8758526527431951,1.4942780821271475,0.12749630268340217,-1.4751883610256038,1.6020115823606003,-0.19365108413470136,-1.5065681129578647,1.1526617338640928,-0.18155342283690834,-1.4291919104516733,1.07989167591708,0.14417377119652552,-1.0580930627588083,1.3444627119414132
train,clean,0,0.0055877807328919005,-5.874148347854267,7.795456259468229,0.11741682974559686,0.015655577299412915,0.30919765166340507,2016.3465804530608,1002.7336618124461,3145.8991694254414,4375.0,2156.25,6093.75,0.04805179989734384,0.004062301815081523,0.2610318273072142,0.07524702040628806,0.04622991383059808,0.1510667267863504,0.2240469422695578,0.010745314955194154,0.8011582599541419,0.2938718285779399,0.15504467044123846,0.5715166532109734,5.933914434905802,1.2835075782655825,11.076386007247605,0.08131578771392145,-3.502760599957329,3.0527597412346696,2.299497268153333,0.0,4.498351847069871,0.7592074343795808,-1.2546157853292637,2.4928020754494886,0.9575347718004767,-0.8978511624180437,2.5866333989187056,0.12428675495038934,-1.921593652322122,1.5732686746737239,0.544553179973224,-0.9722590461301069,2.0221865445619125,0.6105010699775527,-0.6735372738670345,1.9777792023548624,0.5184101465440202,-0.8489164204029451,1.8033553168976961,0.07316432221072208,-1.0426788074584998,1.2056826558525549,0.37805838587781726,-0.628812311194831,1.45547403849016,0.3838079090666794,-0.5696208273726932,1.3565977909722022
train,clean,1,27.276849152527163,12.198111848194497,43.544092894159256,0.07045009784735812,0.029354207436399216,0.3972602739726027,1176.5805463754136,594.1077948672907,3780.215336533879,2468.75,750.0,6093.75,0.003798780720110941,0.0002245221136847309,0.12279056347367445,0.12363470178115776,0.06645311101889521,0.21827040696499125,0.4139731154480636,0.030673587352347514,0.892162570509257,0.5856441036032131,0.1927778309160549,0.8071553194080439,13.15866920537259,-1.1943529711205154,20.34438501212737,1.6572043718337701,-3.776220056118973,6.467147886265953,3.9135251321852174,-0.7515609680602353,8.891087830423992,0.14326909819930017,-3.9928205338880325,3.4389053033481414,0.5982981370418567,-2.315359410347803,3.3034240131900336,-0.40163802127785986,-3.0395725134557185,2.0343372573743603,-0.2377310481026052,-2.6306662295908594,1.7908625167671168,-0.04401656162818132,-2.0086590738306014,1.812240277022706,-0.032185813838488384,-1.8995849019735433,1.6062391424609002,-0.07296206930992674,-1.5580917102170662,1.3807810047076536,-0.18984387564209154,-1.7246255035121443,1.1758397156220184,0.1818623915968419,-1.2483925220985772,1.492909677503831
train,fluctuating 10 dB,0,1.6296536465628257,-2.6020776175828937,6.544862466050929,0.16634050880626222,0.05870841487279843,0.2446183953033268,2523.021372082917,2173.7146540427784,2824.3047410786003,5656.25,5250.0,5968.75,0.12777789565196906,0.03949961699996973,0.2701511802633224,0.06666185621175041,0.04804594804217344,0.11452426604780898,0.1932326038723437,0.05761302567454174,0.4166071404496636,0.18482422554702344,0.10904561072430129,0.34563884074386864,5.111923344268792,4.3020121426447435,5.866467753004974,0.8787318663966951,0.12082218046043498,1.6389543863512361,1.3267943879754862,0.5689434397700319,2.107223645032553,0.6948988520689079,-0.03621573387027156,1.4147400851660017,0.6874346605153845,-0.007589236703294414,1.413924453624099,0.41695042481914457,-0.3005885440621095,1.1519740404946286,0.476796512681148,-0.2078024814287244,1.1758846827200258,0.3581763746592194,-0.3444405324066711,1.0701762371641452,0.3594111089135922,-0.32333905434267474,1.0461914928448,0.2537249707911716,-0.4076563323402012,0.9304114759294221,0.2933098881439919,-0.33281158873677824,0.9409934611720046,0.24128505418405657,-0.38936490044710625,0.9058518376874956
train,fluctuating 10 dB,1,10.41742289984838,2.559186074570599,17.2405377923361,0.10371819960861056,0.050880626223091974,0.273972602739726,1832.791386393806,1246.84407744098,3036.3908249078636,4343.75,2531.25,5906.25,0.036352535781032605,0.008438568910290203,0.20011138536961542,0.09505601642589469,0.0582707507129155,0.15746271542933715,0.34029104623572565,0.07104956403804194,0.8343098244600945,0.5004791100630573,0.15756783547076167,0.7779388595131188,8.32259232455307,2.873715300871601,12.963408037223525,2.013805871868645,-0.7848264783188819,4.428274048140439,2.206779119306152,-0.4119729554102156,5.1236870336807785,0.7604584705295208,-1.875721156949232,2.487182713438157,0.5581757903048088,-1.6537155166090634,2.0371616892323097,0.0712086119073159,-1.9190333975227158,1.4569741777107659,0.04229874621753396,-1.6780863907899093,1.3043706354380318,-0.0015248984174391668,-1.413161204351288,1.2269227520168933,0.10669189167525965,-1.1374989502825454,1.223021804119504,-0.03723305411546188,-1.1121007095120743,0.9357015308955446,0.01884143348843063,-0.9977398333189194,0.9653772131389181,0.09375734044066389,-0.7945342305522896,0.9779277952661165
train,white 10 dB,0,0.06512227068412457,-0.3273913362543908,0.4975643422765807,0.4931506849315068,0.4520547945205479,0.5244618395303327,3965.8757013352665,3796.6952939462662,4111.182790612265,6781.25,6615.625,6968.75,0.5547680474706089,0.49450291725050505,0.5954034709615257,0.046144869610979286,0.042919837455535445,0.049660577785881906,0.33109536752930824,0.2736458939046396,0.3885696387233351,0.103010757875615,0.08561168464963118,0.13229226589391355,-0.11376563102263171,-0.9073108615467081,0.6887260576528941,0.11760165324669164,-0.6024747796251806,0.8765579688655964,0.11956973121836643,-0.622393160226897,0.9317204318670508,0.12430631505382875,-0.6143608297311878,0.8490654946034496,0.04627704765184732,-0.6574693380955273,0.7985802388206183,0.03987181533642936,-0.6695491344936687,0.7873633051639615,0.06877716576152648,-0.6195467656840998,0.7633489138712174,0.06786376861382837,-0.6224064719144478,0.7850819190034541,0.05870430239765194,-0.6221352911336929,0.7572974386683,0.05667304946937525,-0.5973952056110843,0.734110207674528,0.058435512763022834,-0.5657142886016615,0.7086878911170706,0.059407604582557144,-0.5834379153014065,0.7209316782011551
train,white 10 dB,1,7.368255500761265,0.8721138458451367,14.205698791329015,0.23874755381604695,0.10176125244618395,0.49706457925636005,2989.5067641023675,2149.454888937916,4004.8069575124478,6250.0,5125.0,6812.5,0.17005854281322064,0.04279426465873264,0.5315902632412708,0.06713266466736767,0.045660054397590945,0.11876398691017595,0.37827306332195254,0.14023854712772887,0.8393130184639749,0.44502314118702385,0.1100646052763177,0.7456233287226848,4.414512124495472,-0.5482932983133546,8.663175221796696,2.3045908811192715,-0.20495440962477207,4.602466681696418,1.53749091680701,-0.7904791517378151,3.955120233243227,0.6979294560915498,-1.4281121282682245,2.4900395695113295,0.26131185488900865,-1.726875374595912,1.7060632925584267,-0.00697447226307317,-1.7607092655077752,1.3155195510760858,-0.11571622166729775,-1.6349667369872356,1.0537787340800882,-0.09837821776614047,-1.38653260899294,1.0453791425896868,-0.044326915391268484,-1.1696213255999646,1.0119690902292755,-0.10304964652099613,-1.0943117527385624,0.8212318251475565,-0.06245196364552617,-0.9760241550496815,0.8052826648724144,0.01833706508707693,-0.8095930434731903,0.819820692665964
