model,condition,miss_rate,false_alarm_rate,balanced_acc,precision,f1,TP,TN,FP,FN
"LR, clean only",clean,0.6897356143079316,0.0,0.6551321928460342,1.0,0.4735905044510385,11970,9554,0,26610
"LR, noise-aware",clean,0.128589942975635,0.0002093364036005,0.9356003603103822,0.9999405133696202,0.931261339870639,33619,9552,2,4961
"RF, clean only",clean,0.1984707102125453,0.0,0.9007646448937272,1.0,0.8898320935786944,30923,9554,0,7657
"RF, noise-aware",clean,0.0790565059616381,0.002512036843207,0.9592157285975774,0.999324970467458,0.958534545552648,35530,9530,24,3050
"RF, noise-aware, no absolute energy",clean,0.0627008812856402,0.0161189030772451,0.9605901078185572,0.9957593281013356,0.9656452366646638,36161,9400,154,2419
robust threshold + hangover 200 ms,clean,0.0011145671332296,0.1733305421812853,0.9127774453427424,0.9587987958102157,0.9784316961395402,38537,7898,1656,43
WebRTC VAD (mode 2),clean,0.0237428719543805,0.2099644128113879,0.8831463576171158,0.9494328207713636,0.9626581469648562,37664,7548,2006,916
"LR, clean only",snr 20,0.7146189735614308,0.0,0.6426905132192846,1.0,0.4440411373260738,11010,9554,0,27570
"LR, noise-aware",snr 20,0.2145152928978745,0.0024073686414067,0.8915386692303593,0.9992415998944836,0.879562308618863,30304,9531,23,8276
"RF, clean only",snr 20,0.2209175738724728,0.0049194054846137,0.8870815103214567,0.998438745681637,0.8752256711897968,30057,9507,47,8523
"RF, noise-aware",snr 20,0.1843701399688958,0.0016746912288046,0.9069775844011496,0.9994917892195788,0.8982487190100338,31467,9538,16,7113
"RF, noise-aware, no absolute energy",snr 20,0.1175479523068947,0.0100481473728281,0.9362019501601386,0.99718813157201,0.9363182574497052,34045,9458,96,4535
robust threshold + hangover 200 ms,snr 20,0.019362363919129,0.3019677621938455,0.8393349369435128,0.9291468146765558,0.9541980882241672,37833,6669,2885,747
WebRTC VAD (mode 2),snr 20,0.0627268014515292,0.106447561230898,0.9154128186587864,0.972644376899696,0.9546312551975394,36160,8537,1017,2420
"LR, clean only",snr 10,0.6842664593053396,0.0129788570232363,0.651377341835712,0.98992279561154,0.4787658445514394,12181,9430,124,26399
"LR, noise-aware",snr 10,0.2988076723691031,0.0026167050450073,0.8492878112929447,0.9990767071684457,0.8240400871194237,27052,9529,25,11528
"RF, clean only",snr 10,0.3889320891653706,0.0080594515386225,0.8015042296480034,0.9967444613563337,0.7576487980460213,23575,9477,77,15005
"RF, noise-aware",snr 10,0.1755572835666148,0.0012560184216035,0.9115933490058908,0.999622866840567,0.9036207900680407,31807,9542,12,6773
"RF, noise-aware, no absolute energy",snr 10,0.2011145671332296,0.0016746912288046,0.8986053708189828,0.9994811427830204,0.8879957359148336,30821,9538,16,7759
robust threshold + hangover 200 ms,snr 10,0.0302229134266459,0.4947665899099853,0.7375052483316844,0.8878289551742958,0.9269954534755516,37414,4827,4727,1166
WebRTC VAD (mode 2),snr 10,0.006324520476931,0.9207661712371782,0.5364546541429454,0.8133579445399189,0.8945200844679336,38336,757,8797,244
"LR, clean only",snr 5,0.5939346811819596,0.0333891563742934,0.6863380812218735,0.9800437910541132,0.5742142398973701,15666,9235,319,22914
"LR, noise-aware",snr 5,0.3382063245204769,0.0083734561440234,0.8267101096677498,0.9968764641574264,0.7954885343968094,25532,9474,80,13048
"RF, clean only",snr 5,0.5619232763089683,0.0016746912288046,0.7182010162311134,0.9990542058284566,0.6090779681784602,16901,9538,16,21679
"RF, noise-aware",snr 5,0.1121047174701918,0.0790244923592212,0.9044353950852936,0.9784347329334476,0.9309688816415274,34255,8799,755,4325
"RF, noise-aware, no absolute energy",snr 5,0.3483411093831,0.0010466820180029,0.8253061042994485,0.9996024014949704,0.7889723996171408,25141,9544,10,13439
robust threshold + hangover 200 ms,snr 5,0.0324520476931052,0.5944107180238644,0.6865686171415152,0.8679517287883368,0.915047740448846,37328,3875,5679,1252
WebRTC VAD (mode 2),snr 5,7.776049766718506e-05,1.0,0.4999611197511664,0.8015000727182066,0.8897833031564624,38577,0,9554,3
"LR, clean only",snr 0,0.2810782789009849,0.3852836508268788,0.6668190351360681,0.882834134385842,0.7924911067617185,27736,5873,3681,10844
"LR, noise-aware",snr 0,0.3255054432348367,0.0376805526481055,0.8184070020585288,0.9863543324994314,0.8011452849358086,26022,9194,360,12558
"RF, clean only",snr 0,0.7502851218247797,0.0037680552648105,0.6229734114552049,0.996277145811789,0.3993367875647668,9634,9518,36,28946
"RF, noise-aware",snr 0,0.1631933644375324,0.0454259995813271,0.8956903179905702,0.9867351305091998,0.9056074504193666,32284,9120,434,6296
"RF, noise-aware, no absolute energy",snr 0,0.6144375324002074,0.0008373456144023,0.6923625609926951,0.9994624739635826,0.5564596075790733,14875,9546,8,23705
robust threshold + hangover 200 ms,snr 0,0.0331518921721099,0.7109064266275905,0.6279708406001498,0.8459619440727553,0.9023744148633774,37301,2762,6792,1279
WebRTC VAD (mode 2),snr 0,0.0,1.0,0.5,0.8015124444259775,0.8898217127568788,38580,0,9554,0
"LR, clean only",white 10,0.9015292897874546,0.0,0.5492353551062727,1.0,0.1792869109700559,3799,9554,0,34781
"LR, noise-aware",white 10,0.2795230689476413,0.0003140046054008,0.8600814632234789,0.999892082449009,0.8374937856852317,27796,9551,3,10784
"RF, clean only",white 10,0.807542768273717,0.0,0.5962286158631416,1.0,0.3227910009781545,7425,9554,0,31155
"RF, noise-aware",white 10,0.4191031622602384,0.0,0.7904484188698808,1.0,0.7348953124231443,22411,9554,0,16169
"RF, noise-aware, no absolute energy",white 10,0.6102125453602903,0.0,0.6948937273198548,1.0,0.5609310306240441,15038,9554,0,23542
robust threshold + hangover 200 ms,white 10,0.0494815966822187,0.0763031191124136,0.9371076421026838,0.9805080213903744,0.9652803369307712,36671,8825,729,1909
WebRTC VAD (mode 2),white 10,0.1290824261275272,0.0509734142767427,0.909972079797865,0.9857130284272596,0.9247664001541278,33600,9067,487,4980
"LR, clean only",pink 10,0.7395541731467081,0.0,0.6302229134266459,1.0,0.4132598502920128,10048,9554,0,28532
"LR, noise-aware",pink 10,0.0810782789009849,0.3807829181494662,0.7690694014747744,0.9069327193655666,0.9128878588901764,35452,5916,3638,3128
"RF, clean only",pink 10,0.4872991187143597,0.0086874607494243,0.752006710268108,0.9958213764285356,0.6768988587170406,19780,9471,83,18800
"RF, noise-aware",pink 10,0.1888543286677034,0.0603935524387691,0.8753760594467637,0.9818957673119764,0.8883905125548254,31294,8977,577,7286
"RF, noise-aware, no absolute energy",pink 10,0.318481078278901,0.0018840276324052,0.8398174470443469,0.9993158754893392,0.8103743200135612,26293,9536,18,12287
robust threshold + hangover 200 ms,pink 10,0.0198289269051321,0.7023236340799665,0.6389237195074506,0.849298147108366,0.9100535467180072,37815,2844,6710,765
WebRTC VAD (mode 2),pink 10,0.1171332296526697,0.135021980322378,0.8739223950124761,0.96350881163192,0.9214267357400818,34061,8264,1290,4519
"LR, clean only",babble 5,0.3692586832555728,0.0302491103202846,0.8002461032120712,0.9882630061324778,0.7700267392370616,24334,9265,289,14246
"LR, noise-aware",babble 5,0.0616640746500777,0.2494243248900984,0.844455800229912,0.9382386481443086,0.9382872842258048,36201,7171,2383,2379
"RF, clean only",babble 5,0.2069206842923794,0.1120996441281138,0.8404898357897533,0.9661803713527852,0.8711137683635122,30597,8483,1071,7983
"RF, noise-aware",babble 5,0.0355365474339035,0.3230060707557044,0.8207286909051961,0.923414815733962,0.9434928684627576,37209,6468,3086,1371
"RF, noise-aware, no absolute energy",babble 5,0.1126749611197511,0.2120577768473937,0.8376336310164275,0.9441242174356712,0.9148438648298346,34233,7528,2026,4347
robust threshold + hangover 200 ms,babble 5,0.0415241057542768,0.3571279045425999,0.8006739948515617,0.915523644466452,0.9365075345067748,36978,6142,3412,1602
WebRTC VAD (mode 2),babble 5,0.0001555209953343,0.8795268997278627,0.5601587896384015,0.8211252314962642,0.9017146463761002,38574,1151,8403,6
"LR, clean only",reverb,0.6006480041472265,0.0,0.6996759979263867,1.0,0.5707670365087892,15407,9554,0,23173
"LR, noise-aware",reverb,0.0902540176257128,0.0283650826878794,0.9406904498432038,0.9923379230399504,0.9492488066099608,35098,9283,271,3482
"RF, clean only",reverb,0.0867547952306894,0.02145698136906,0.9458941117001252,0.9942152491675602,0.952011672836337,35233,9349,205,3347
"RF, noise-aware",reverb,0.0589683773976153,0.0422859535273184,0.9493728345375332,0.9889945245035278,0.9644171127256304,36305,9150,404,2275
"RF, noise-aware, no absolute energy",reverb,0.0385173665111456,0.0736864140674063,0.943898109710724,0.9813746759087782,0.971326821859698,37094,8850,704,1486
robust threshold + hangover 200 ms,reverb,0.0067651632970451,0.2038936571069709,0.894670589797992,0.9516229170288324,0.9719837152967138,38319,7606,1948,261
WebRTC VAD (mode 2),reverb,0.0307931570762052,0.1414067406321959,0.9139000511457992,0.9651291846269004,0.9671637158413408,37392,8203,1351,1188
"LR, clean only",reverb + snr 10,0.603343701399689,0.0099434791710278,0.6933564097146416,0.9938303675802052,0.567008781355367,15303,9459,95,23277
"LR, noise-aware",reverb + snr 10,0.2381804043545878,0.0120368432070337,0.8748913762191892,0.9961024876296346,0.8633492935405223,29391,9439,115,9189
"RF, clean only",reverb + snr 10,0.2742612752721617,0.0123508478124345,0.8566939384577018,0.995803250702422,0.839587987465703,27999,9436,118,10581
"RF, noise-aware",reverb + snr 10,0.1558579574909279,0.0079547833368222,0.9180936295861248,0.9976717826180193,0.9145079538912992,32567,9478,76,6013
"RF, noise-aware, no absolute energy",reverb + snr 10,0.2001296008294453,0.0099434791710278,0.8949634599997633,0.9969309297667508,0.8875945580579286,30859,9459,95,7721
robust threshold + hangover 200 ms,reverb + snr 10,0.0394504924831518,0.4472472262926523,0.7566511406120979,0.8966151314993588,0.9274818235286756,37058,5281,4273,1522
WebRTC VAD (mode 2),reverb + snr 10,0.0054432348367029,0.9252669039145908,0.5346449306243531,0.8127515356915908,0.8945098496328243,38370,714,8840,210
"LR, clean only",telephone + snr 10,0.9990409538621048,0.0,0.5004795230689476,1.0,0.0019162544993138,37,9554,0,38543
"LR, noise-aware",telephone + snr 10,0.5191809227579056,0.0003140046054008,0.7402525363183468,0.9998383010833828,0.6493620149475785,18550,9551,3,20030
"RF, clean only",telephone + snr 10,0.5963193364437532,0.0026167050450073,0.7005319792556197,0.9983973331623822,0.5749090976208494,15574,9529,25,23006
"RF, noise-aware",telephone + snr 10,0.5003628823224469,0.0001046682018002,0.7497662247378765,0.9999481247082016,0.6663325094629863,19276,9553,1,19304
"RF, noise-aware, no absolute energy",telephone + snr 10,0.2734836702954898,0.0065940967134184,0.8599611164955459,0.9977573686458778,0.8408027357811375,28029,9491,63,10551
robust threshold + hangover 200 ms,telephone + snr 10,0.0355883877656817,0.5054427464936152,0.7294844328703516,0.8851222761442573,0.9230673811650292,37207,4725,4829,1373
WebRTC VAD (mode 2),telephone + snr 10,0.0506480041472265,0.4301863093992045,0.7595828432267844,0.8991064414768264,0.9235463210449342,36626,5444,4110,1954
"LR, clean only",quiet (-20 dB) + snr 10,0.9999222395023328,0.0,0.5000388802488336,1.0,0.0001555089028846,3,9554,0,38577
"LR, noise-aware",quiet (-20 dB) + snr 10,0.9312078797304304,0.0,0.5343960601347848,1.0,0.1287287190182858,2654,9554,0,35926
"RF, clean only",quiet (-20 dB) + snr 10,0.5451010886469674,0.0,0.7274494556765163,1.0,0.6253340459647247,17550,9554,0,21030
"RF, noise-aware",quiet (-20 dB) + snr 10,0.9354587869362364,0.0,0.5322706065318819,1.0,0.1212563915266617,2490,9554,0,36090
"RF, noise-aware, no absolute energy",quiet (-20 dB) + snr 10,0.201270088128564,0.0016746912288046,0.8985276103213156,0.9994810418085692,0.8878996124533575,30815,9538,16,7765
robust threshold + hangover 200 ms,quiet (-20 dB) + snr 10,0.0302229134266459,0.4947665899099853,0.7375052483316844,0.8878289551742958,0.9269954534755516,37414,4827,4727,1166
WebRTC VAD (mode 2),quiet (-20 dB) + snr 10,0.1552358735095904,0.0392505756751099,0.9027567754076498,0.9886246435721652,0.9110502334162636,32591,9179,375,5989
"LR, clean only",noise only,,0.0117117117117117,,0.0,,0,39492,468,0
"LR, noise-aware",noise only,,0.0205705705705705,,0.0,,0,39138,822,0
"RF, clean only",noise only,,0.2608608608608608,,0.0,,0,29536,10424,0
"RF, noise-aware",noise only,,0.0195445445445445,,0.0,,0,39179,781,0
"RF, noise-aware, no absolute energy",noise only,,0.0297547547547547,,0.0,,0,38771,1189,0
robust threshold + hangover 200 ms,noise only,,0.9504004004004004,,0.0,,0,1982,37978,0
WebRTC VAD (mode 2),noise only,,0.8205955955955956,,0.0,,0,7169,32791,0
