threshold,miss_rate,false_alarm_rate,balanced_accuracy,precision,recall,f1,TP,TN,FP,FN
0.00031622776601683794,0.0,1.0,0.5,0.8118811881188119,1.0,0.8961748633879781,82,0,19,0
0.0003401304938279253,0.0,1.0,0.5,0.8118811881188119,1.0,0.8961748633879781,82,0,19,0
0.00036583995861219924,0.0,1.0,0.5,0.8118811881188119,1.0,0.8961748633879781,82,0,19,0
0.0003934927263095849,0.0,1.0,0.5,0.8118811881188119,1.0,0.8961748633879781,82,0,19,0
0.00042323568547819807,0.0,1.0,0.5,0.8118811881188119,1.0,0.8961748633879781,82,0,19,0
0.000455226827550731,0.0,1.0,0.5,0.8118811881188119,1.0,0.8961748633879781,82,0,19,0
0.0004896360860681204,0.0,1.0,0.5,0.8118811881188119,1.0,0.8961748633879781,82,0,19,0
0.0005266462393484276,0.0,1.0,0.5,0.8118811881188119,1.0,0.8961748633879781,82,0,19,0
0.0005664538813858062,0.0,1.0,0.5,0.8118811881188119,1.0,0.8961748633879781,82,0,19,0
0.000609270466136868,0.0,1.0,0.5,0.8118811881188119,1.0,0.8961748633879781,82,0,19,0
0.0006553234307415898,0.0,1.0,0.5,0.8118811881188119,1.0,0.8961748633879781,82,0,19,0
0.0007048574036451903,0.0,1.0,0.5,0.8118811881188119,1.0,0.8961748633879781,82,0,19,0
0.0007581355040383849,0.0,1.0,0.5,0.8118811881188119,1.0,0.8961748633879781,82,0,19,0
0.0008154407395185162,0.0,1.0,0.5,0.8118811881188119,1.0,0.8961748633879781,82,0,19,0
0.0008770775093957857,0.0,1.0,0.5,0.8118811881188119,1.0,0.8961748633879781,82,0,19,0
0.0009433732216299773,0.0,1.0,0.5,0.8118811881188119,1.0,0.8961748633879781,82,0,19,0
0.0010146800319866913,0.0,0.9473684210526315,0.5263157894736843,0.82,1.0,0.9010989010989011,82,1,18,0
0.0010913767146512737,0.0,0.9473684210526315,0.5263157894736843,0.82,1.0,0.9010989010989011,82,1,18,0
0.0011738706742369692,0.0,0.9473684210526315,0.5263157894736843,0.82,1.0,0.9010989010989011,82,1,18,0
0.0012626001098748564,0.0,0.8947368421052632,0.5526315789473684,0.8282828282828283,1.0,0.9060773480662984,82,2,17,0
0.0013580363428809749,0.0,0.8421052631578947,0.5789473684210527,0.8367346938775511,1.0,0.9111111111111111,82,3,16,0
0.0014606863203649888,0.0,0.8421052631578947,0.5789473684210527,0.8367346938775511,1.0,0.9111111111111111,82,3,16,0
0.0015710953080792557,0.012195121951219513,0.8421052631578947,0.5728498074454429,0.8350515463917526,0.9878048780487805,0.9050279329608938,81,3,16,1
0.0016898497868124587,0.012195121951219513,0.7894736842105263,0.5991655969191271,0.84375,0.9878048780487805,0.9101123595505618,81,4,15,1
0.0018175805677131177,0.012195121951219513,0.7894736842105263,0.5991655969191271,0.84375,0.9878048780487805,0.9101123595505618,81,4,15,1
0.0019549661430912596,0.012195121951219513,0.7368421052631579,0.6254813863928113,0.8526315789473684,0.9878048780487805,0.9152542372881356,81,5,14,1
0.0021027362904973337,0.012195121951219513,0.6842105263157895,0.6517971758664955,0.8617021276595744,0.9878048780487805,0.9204545454545454,81,6,13,1
0.0022616759492228647,0.036585365853658534,0.631578947368421,0.6659178433889602,0.8681318681318682,0.9634146341463414,0.9132947976878613,79,7,12,3
0.0024326293898144103,0.036585365853658534,0.5789473684210527,0.6922336328626444,0.8777777777777778,0.9634146341463414,0.9186046511627907,79,8,11,3
0.002616504698748821,0.036585365853658534,0.5263157894736842,0.7185494223363287,0.8876404494382022,0.9634146341463414,0.9239766081871345,79,9,10,3
0.0028142786020919387,0.06097560975609756,0.5263157894736842,0.7063543003851092,0.8850574712643678,0.9390243902439024,0.911242603550296,77,9,10,5
0.0030270016537634614,0.06097560975609756,0.47368421052631576,0.7326700898587933,0.8953488372093024,0.9390243902439024,0.9166666666666666,77,10,9,5
0.0032558038159675447,0.06097560975609756,0.47368421052631576,0.7326700898587933,0.8953488372093024,0.9390243902439024,0.9166666666666666,77,10,9,5
0.0035019004614317128,0.06097560975609756,0.3684210526315789,0.7853016688061618,0.9166666666666666,0.9390243902439024,0.9277108433734941,77,12,7,5
0.003766598829337412,0.07317073170731707,0.3684210526315789,0.779204107830552,0.9156626506024096,0.926829268292683,0.9212121212121213,76,12,7,6
0.004051304969235382,0.07317073170731707,0.3157894736842105,0.8055198973042362,0.926829268292683,0.926829268292683,0.926829268292683,76,13,6,6
0.00435753120983116,0.07317073170731707,0.2631578947368421,0.8318356867779204,0.9382716049382716,0.926829268292683,0.9325153374233128,76,14,5,6
0.004686904192314193,0.07317073170731707,0.21052631578947367,0.8581514762516046,0.95,0.926829268292683,0.9382716049382716,76,15,4,6
0.005041173510902634,0.07317073170731707,0.15789473684210525,0.8844672657252888,0.9620253164556962,0.926829268292683,0.9440993788819876,76,16,3,6
0.005422221006501592,0.08536585365853659,0.10526315789473684,0.9046854942233633,0.974025974025974,0.9146341463414634,0.9433962264150942,75,17,2,7
0.005832070762841662,0.0975609756097561,0.05263157894736842,0.9249037227214377,0.9866666666666667,0.9024390243902439,0.9426751592356688,74,18,1,8
0.006272899858196243,0.12195121951219512,0.0,0.9390243902439024,1.0,0.8780487804878049,0.9350649350649352,72,19,0,10
0.006747049929789545,0.12195121951219512,0.0,0.9390243902439024,1.0,0.8780487804878049,0.9350649350649352,72,19,0,10
0.007257039612324216,0.12195121951219512,0.0,0.9390243902439024,1.0,0.8780487804878049,0.9350649350649352,72,19,0,10
0.007805577916700779,0.14634146341463414,0.0,0.926829268292683,1.0,0.8536585365853658,0.9210526315789475,70,19,0,12
0.008395578619995112,0.14634146341463414,0.0,0.926829268292683,1.0,0.8536585365853658,0.9210526315789475,70,19,0,12
0.009030175743132118,0.15853658536585366,0.0,0.9207317073170732,1.0,0.8414634146341463,0.9139072847682119,69,19,0,13
0.009712740198471168,0.17073170731707318,0.0,0.9146341463414634,1.0,0.8292682926829268,0.9066666666666667,68,19,0,14
0.010446897695733762,0.17073170731707318,0.0,0.9146341463414634,1.0,0.8292682926829268,0.9066666666666667,68,19,0,14
0.01123654800138751,0.2073170731707317,0.0,0.8963414634146342,1.0,0.7926829268292683,0.8843537414965986,65,19,0,17
0.012085885653790495,0.21951219512195122,0.0,0.8902439024390244,1.0,0.7804878048780488,0.8767123287671234,64,19,0,18
0.012999422244132463,0.25609756097560976,0.0,0.8719512195121951,1.0,0.7439024390243902,0.8531468531468531,61,19,0,21
0.013982010381526905,0.2804878048780488,0.0,0.8597560975609756,1.0,0.7195121951219512,0.8368794326241135,59,19,0,23
0.015038869469554102,0.3048780487804878,0.0,0.8475609756097561,1.0,0.6951219512195121,0.8201438848920863,57,19,0,25
0.016175613431177266,0.3170731707317073,0.0,0.8414634146341463,1.0,0.6829268292682926,0.8115942028985507,56,19,0,26
0.017398280529303648,0.32926829268292684,0.0,0.8353658536585366,1.0,0.6707317073170731,0.802919708029197,55,19,0,27
0.018713365441394323,0.3780487804878049,0.0,0.8109756097560976,1.0,0.6219512195121951,0.7669172932330827,51,19,0,31
0.020127853758499396,0.4024390243902439,0.0,0.7987804878048781,1.0,0.5975609756097561,0.748091603053435,49,19,0,33
0.02164925909197401,0.4146341463414634,0.0,0.7926829268292683,1.0,0.5853658536585367,0.7384615384615385,48,19,0,34
0.023285662984981966,0.43902439024390244,0.0,0.7804878048780488,1.0,0.5609756097560976,0.71875,46,19,0,36
0.02504575784079262,0.47560975609756095,0.0,0.7621951219512195,1.0,0.524390243902439,0.6880000000000001,43,19,0,39
0.026938893095901726,0.5,0.0,0.75,1.0,0.5,0.6666666666666666,41,19,0,41
0.02897512488324273,0.5121951219512195,0.0,0.7439024390243902,1.0,0.4878048780487805,0.6557377049180327,40,19,0,42
0.03116526944929432,0.573170731707317,0.0,0.7134146341463414,1.0,0.426829268292683,0.5982905982905984,35,19,0,47
0.03352096060883029,0.5975609756097561,0.0,0.7012195121951219,1.0,0.4024390243902439,0.5739130434782609,33,19,0,49
0.03605471154250506,0.6463414634146342,0.0,0.6768292682926829,1.0,0.35365853658536583,0.5225225225225225,29,19,0,53
0.03877998126553712,0.6951219512195121,0.0,0.6524390243902439,1.0,0.30487804878048785,0.4672897196261683,25,19,0,57
0.041711246120565204,0.7804878048780488,0.0,0.6097560975609756,1.0,0.2195121951219512,0.36,18,19,0,64
0.044864076674438966,0.8658536585365854,0.0,0.5670731707317074,1.0,0.13414634146341464,0.23655913978494622,11,19,0,71
0.04825522042741279,0.8902439024390244,0.0,0.5548780487804879,1.0,0.1097560975609756,0.19780219780219777,9,19,0,73
0.05190269077408391,0.9024390243902439,0.0,0.5487804878048781,1.0,0.09756097560975607,0.17777777777777773,8,19,0,74
0.055825862688626944,0.9390243902439024,0.0,0.5304878048780488,1.0,0.060975609756097615,0.11494252873563228,5,19,0,77
0.06004557564259423,0.9390243902439024,0.0,0.5304878048780488,1.0,0.060975609756097615,0.11494252873563228,5,19,0,77
0.06458424430196985,0.9512195121951219,0.0,0.524390243902439,1.0,0.04878048780487809,0.09302325581395357,4,19,0,78
0.06946597759148919,0.975609756097561,0.0,0.5121951219512195,1.0,0.024390243902439046,0.04761904761904766,2,19,0,80
0.07471670675868082,0.975609756097561,0.0,0.5121951219512195,1.0,0.024390243902439046,0.04761904761904766,2,19,0,80
0.08036432311789225,0.9878048780487805,0.0,0.5060975609756098,1.0,0.012195121951219523,0.024096385542168697,1,19,0,81
0.0864388262059827,0.9878048780487805,0.0,0.5060975609756098,1.0,0.012195121951219523,0.024096385542168697,1,19,0,81
0.09297248313666942,1.0,0.0,0.5,,0.0,,0,19,0,82
0.1,1.0,0.0,0.5,,0.0,,0,19,0,82
