Method,Condition,Mean Precision,Mean Recall,Mean F1,Total TP,Total TN,Total FP,Total FN,Micro Precision,Micro Recall,Micro F1
Fixed,Clean,0.9586764413015246,0.9406408131518305,0.949033660550105,2389,194,84,149,0.9660331581075616,0.9412923561859732,0.9535022949511076
Fixed,20 dB,0.9444976781894378,0.965611323531564,0.954267394323353,2447,157,121,91,0.9528816199376947,0.9641449960598897,0.9584802193497846
Fixed,10 dB,0.8840364443728349,1.0,0.9369527729362711,2538,0,278,0,0.9012784090909091,1.0,0.9480762047067613
Fixed,0 dB,0.8840364443728349,1.0,0.9369527729362711,2538,0,278,0,0.9012784090909091,1.0,0.9480762047067613
First 0.5s,Clean,0.9859817687164295,0.7019440134098404,0.7995422462753349,1844,245,33,694,0.9824187533297816,0.7265563435776202,0.8353340883352208
First 0.5s,20 dB,0.991853384792637,0.6896528184822395,0.7938164019313714,1804,261,17,734,0.9906644700713894,0.710795902285264,0.8277127781601284
First 0.5s,10 dB,0.9957207088304649,0.6559664061476553,0.7703531544999345,1715,270,8,823,0.9953569355774812,0.6757289204097715,0.8049753578972072
First 0.5s,0 dB,0.983958763874923,0.6034423567076208,0.7187552603871369,1566,247,31,972,0.9805886036318097,0.6170212765957447,0.7574365175332527
10th Percentile,Clean,0.923998769223743,0.9745636168071978,0.9473121370214117,2468,122,156,70,0.9405487804878049,0.9724192277383766,0.9562185199535064
10th Percentile,20 dB,0.9245856064815097,0.9751968745640665,0.9479496007770314,2470,123,155,68,0.940952380952381,0.9732072498029944,0.9568080573310092
10th Percentile,10 dB,0.9198857256001076,0.9694301740042947,0.9424292708120751,2455,115,163,83,0.9377387318563789,0.9672970843183609,0.952288595810706
10th Percentile,0 dB,0.9098627605765872,0.9472282021013263,0.9270119832411757,2402,87,191,136,0.9263401465483996,0.946414499605989,0.9362697329955174
